ID,Theme,PostContent
1,Website Development,"🚀 Χρειάζεται η επιχείρησή σου μια σύγχρονη ιστοσελίδα;

Στην SGK Digital σχεδιάζουμε ιστοσελίδες που δεν είναι απλά όμορφες, αλλά φέρνουν πραγματικά αποτελέσματα! Μια γρήγορη, λειτουργική και responsive ιστοσελίδα είναι η ψηφιακή σου βιτρίνα 24/7.

✨ Μην αφήνεις τους πελάτες σου να πηγαίνουν στον ανταγωνισμό. Επένδυσε στην παρουσία σου σήμερα!

📞 6999524389 | 🌐 sgk.gr

#SGKDigital #WebDevelopment #WebDesign #BusinessGrowth"
2,Eshop,"🛒 Θέλεις να πουλάς τα προϊόντα σου σε όλη την Ελλάδα;

Ένα eshop από την SGK Digital είναι η λύση. Με εύκολη διαχείριση, γρήγορο checkout και απόλυτη ασφάλεια στις συναλλαγές, μετατρέπουμε τους επισκέπτες σε πελάτες.

📈 Ξεκίνα τις πωλήσεις σου online τώρα!

📞 6999524389 | 🌐 sgk.gr

#SGKDigital #Eshop #Ecommerce #SellOnline"
3,AI Agents,"🤖 AI Agents: Ο νέος σου 24/7 υπάλληλος!

Φαντάσου ένα έξυπνο σύστημα που απαντάει σε leads, κλείνει ραντεβού και εξυπηρετεί πελάτες αυτόματα στο Messenger, το Instagram ή το WhatsApp. Στην SGK Digital αναπτύσσουμε προσαρμοσμένους AI Agents για τις ανάγκες της επιχείρησής σου.

💡 Μείωσε το χρόνο ανταπόκρισης και αύξησε τα conversions!

📞 6999524389 | 🌐 sgk.gr

#SGKDigital #AIAgents #ArtificialIntelligence #Automation"
4,Speed/SEO,"⚡ Είναι η ιστοσελίδα σου αργή; Χάνεις πελάτες!

Η ταχύτητα φόρτωσης είναι ο νούμερο ένα παράγοντας για την εμπειρία του χρήστη και την κατάταξη στη Google. Στην SGK Digital βελτιστοποιούμε το Core Web Vitals της σελίδας σου για αστραπιαίες ταχύτητες.

🔍 Κάνε το Speed Test σου μαζί μας σήμερα!

📞 6999524389 | 🌐 sgk.gr

#SGKDigital #SEO #PageSpeed #WebOptimization"
5,Case Study,"💎 Case Study: Vaia Charms

Πώς βοηθήσαμε ένα eshop κοσμημάτων να απογειώσει τις πωλήσεις του. Σχεδιάσαμε μια premium και γρήγορη πλατφόρμα eshop που αναδεικνύει τη μοναδικότητα των προϊόντων και προσφέρει μια απρόσκοπτη εμπειρία αγοράς.

📈 Η επιτυχία των πελατών μας είναι και δική μας επιτυχία!

📞 6999524389 | 🌐 sgk.gr

#SGKDigital #CaseStudy #Eshop #VaiaCharms #Ecommerce"
6,Case Study,"🏨 Case Study: Lemon Tree Paros

Ένα πανέμορφο ξενοδοχείο στην Πάρο απέκτησε τη δική του custom ιστοσελίδα κρατήσεων. Με εστίαση στην αισθητική και τη λειτουργικότητα, αυξήσαμε τις απευθείας κρατήσεις και μειώσαμε τις προμήθειες σε τρίτες πλατφόρμες.

🌅 Δώσε στην τουριστική σου επιχείρηση την παρουσία που της αξίζει!

📞 6999524389 | 🌐 sgk.gr

#SGKDigital #CaseStudy #HotelWebsite #LemonTreeParos #DirectBookings"
7,Digital Marketing,"🎯 Ψηφιακό Μάρκετινγκ που φέρνει αποτελέσματα!

Δεν αρκεί να έχεις απλά μια ιστοσελίδα, πρέπει να τη βλέπουν οι σωστοί άνθρωποι. Στην SGK Digital σχεδιάζουμε στοχευμένες καμπάνιες Google Ads και Meta Ads για να προσελκύσεις έτοιμους αγοραστές.

🚀 Ξεκίνα να βλέπεις ROI από τις διαφημίσεις σου σήμερα!

📞 6999524389 | 🌐 sgk.gr

#SGKDigital #DigitalMarketing #GoogleAds #MetaAds #GrowBusiness"
8,AI Agents,"🦷 AI Agents για Οδοντιατρεία: Κλείσε ραντεβού αυτόματα!

Οι ασθενείς θέλουν να κλείνουν ραντεβού οποιαδήποτε ώρα. Ο AI Agent της SGK Digital απαντάει σε ερωτήσεις για τις υπηρεσίες σου και κλείνει ραντεβού 24/7, ενημερώνοντας άμεσα το ημερολόγιό σου.

📅 Απελευθέρωσε χρόνο από τη γραμματεία σου!

📞 6999524389 | 🌐 sgk.gr

#SGKDigital #AIAgents #DentistTech #MedicalAutomation"
9,Website,"👀 Έχεις μόνο 3 δευτερόλεπτα για να κάνεις εντύπωση!

Τόσο χρειάζεται ένας επισκέπτης για να αποφασίσει αν θα μείνει στην ιστοσελίδα σου ή αν θα φύγει. Στην SGK Digital δημιουργούμε εντυπωσιακά visual layouts που κρατούν το ενδιαφέρον του κοινού σου.

🎨 Κάνε τη διαφορά στον ψηφιακό κόσμο!

📞 6999524389 | 🌐 sgk.gr

#SGKDigital #WebDesign #UIUX #FirstImpression #CreativeAgency"
10,Eshop,"🛒 Γιατί οι πελάτες αφήνουν το καλάθι τους;

Η εγκατάλειψη καλαθιού είναι το μεγαλύτερο πρόβλημα των eshops. Στην SGK Digital υλοποιούμε έξυπνα συστήματα Recover Abandoned Cart με αυτοματοποιημένα emails που φέρνουν τους πελάτες πίσω για να ολοκληρώσουν την αγορά.

💸 Σώσε τις χαμένες πωλήσεις σου τώρα!

📞 6999524389 | 🌐 sgk.gr

#SGKDigital #EshopTips #AbandonedCart #EcommerceGrowth"
11,SEO,"📍 Σε βρίσκουν οι πελάτες της περιοχής σου;

Το Local SEO είναι απαραίτητο για κάθε τοπική επιχείρηση. Βελτιστοποιούμε το Google Business Profile σου ώστε να εμφανίζεσαι πρώτος όταν οι πελάτες αναζητούν τις υπηρεσίες σου κοντά τους.

🗺️ Γίνε το νούμερο 1 στην περιοχή σου!

📞 6999524389 | 🌐 sgk.gr

#SGKDigital #LocalSEO #GoogleMaps #LocalBusiness #Visibility"
12,Mobile App,"📱 Χρειάζεται η επιχείρησή σου Mobile App;

Μια εφαρμογή για κινητά χτίζει απίστευτη πιστότητα πελατών (loyalty). Στείλε push notifications με προσφορές απευθείας στις οθόνες των πελατών σου και κράτησέ τους σε επαφή με το brand σου.

🌟 Σχεδιάζουμε custom iOS & Android εφαρμογές!

📞 6999524389 | 🌐 sgk.gr

#SGKDigital #MobileApps #AppDevelopment #CustomerLoyalty"
13,Case Study,"🍔 Case Study: Burger House Athens

Πώς μια επιχείρηση εστίασης απέκτησε το δικό της σύστημα online παραγγελιών. Χωρίς υψηλές προμήθειες σε τρίτες πλατφόρμες διανομής, οι πελάτες παραγγέλνουν απευθείας από την ιστοσελίδα τους, αυξάνοντας το κέρδος της επιχείρησης.

📈 Πάρε τον έλεγχο των παραγγελιών σου πίσω!

📞 6999524389 | 🌐 sgk.gr

#SGKDigital #CaseStudy #FoodDelivery #Estiasi #OnlineOrdering"
14,CRM/ERP,"📊 Οργάνωσε την επιχείρησή σου με CRM & ERP!

Χάνεσαι ανάμεσα σε Excel, σημειώσεις και email; Ένα προσαρμοσμένο σύστημα CRM/ERP από την SGK Digital συγκεντρώνει πελάτες, τιμολόγια και εργασίες σε ένα σημείο, συνδεδεμένο με το myDATA.

💼 Κάνε την επιχείρησή σου πιο παραγωγική και οργανωμένη!

📞 6999524389 | 🌐 sgk.gr

#SGKDigital #CRM #ERP #BusinessAutomation #myDATA"
15,AI Agents,"💇‍♀️ AI Agents για Κομμωτήρια & Κέντρα Αισθητικής!

Μην χάνεις ραντεβού επειδή είσαι απασχολημένη με έναν πελάτη. Ο AI Agent της SGK Digital απαντά στα social media, προτείνει διαθέσιμες ώρες και κλείνει το ραντεβού αυτόματα στο ημερολόγιό σου.

💅 Κράτα το πρόγραμμά σου γεμάτο χωρίς κόπο!

📞 6999524389 | 🌐 sgk.gr

#SGKDigital #AIAgents #BeautySalon #Automation #Hairdresser"
16,Website,"📱 Είναι η ιστοσελίδα σου φιλική για κινητά;

Πάνω από το 80% των χρηστών πλοηγούνται από το κινητό τους. Αν η ιστοσελίδα σου δεν εμφανίζεται σωστά σε smartphone, χάνεις το 80% των υποψήφιων πελατών. Στην SGK Digital εγγυόμαστε 100% responsive σχεδιασμό.

✨ Τέλεια εμφάνιση σε κάθε οθόνη!

📞 6999524389 | 🌐 sgk.gr

#SGKDigital #ResponsiveDesign #MobileFriendly #WebDev"
17,Eshop,"🔒 Ασφάλεια στο Eshop σου: Το Α και το Ω!

Οι online καταναλωτές αγοράζουν μόνο από εκεί που νιώθουν ασφαλείς. Στην SGK Digital εξασφαλίζουμε SSL πιστοποιητικά, ασφαλή gateways πληρωμών και προστασία από κυβερνοεπιθέσεις, ώστε οι πελάτες σου να ψωνίζουν άφοβα.

🛡️ Προστάτευσε τα δεδομένα των πελατών σου!

📞 6999524389 | 🌐 sgk.gr

#SGKDigital #EshopSecurity #SSL #CyberSecurity #Ecommerce"
18,AI Agents,"🛎️ AI Agents για Ξενοδοχεία: Αναβάθμισε τη φιλοξενία σου!

Απάντησε άμεσα σε ξένους τουρίστες στη γλώσσα τους, 24 ώρες το 24ωρο. Ο AI Agent της SGK Digital απαντά σε συχνές ερωτήσεις για το check-in, τις παροχές και τις τιμές, καθοδηγώντας τους στην απευθείας κράτηση.

🌍 Εξυπηρέτηση παγκόσμιας κλάσης, αυτόματα!

📞 6999524389 | 🌐 sgk.gr

#SGKDigital #AIAgents #HotelTech #TourismGreece #Automation"
19,SEO,"✍️ Το Περιεχόμενο είναι ο Βασιλιάς (Content is King)!

Για να βγαίνεις ψηλά στη Google, χρειάζεσαι χρήσιμο και ποιοτικό περιεχόμενο. Στην SGK Digital σχεδιάζουμε στρατηγικές περιεχομένου και αρθρογραφίας (blogging) που προσελκύουν οργανικό κοινό και χτίζουν αυθεντία.

📈 Ανέβασε την επισκεψιμότητα της σελίδας σου!

📞 6999524389 | 🌐 sgk.gr

#SGKDigital #SEO #ContentMarketing #Blogging #OrganicTraffic"
20,Case Study,"🚗 Case Study: Drive Crete

Συνεργαστήκαμε με μια δυναμική επιχείρηση ενοικίασης αυτοκινήτων στην Κρήτη. Δημιουργήσαμε μια γρήγορη πλατφόρμα ενοικίασης με εύκολο σύστημα επιλογής οχήματος, υπολογισμού τιμής και online προκαταβολής.

🗺️ Απογείωσε τις κρατήσεις σου τη φετινή σεζόν!

📞 6999524389 | 🌐 sgk.gr

#SGKDigital #CaseStudy #RentACar #WebDevelopment #CarRentalGreece"
21,Digital Marketing,"🎯 Τι είναι η Landing Page και γιατί τη χρειάζεσαι;

Μια Landing Page έχει έναν και μοναδικό στόχο: να κάνει τον επισκέπτη να κάνει μια συγκεκριμένη ενέργεια (π.χ. να αγοράσει ή να αφήσει τα στοιχεία του). Στην SGK Digital σχεδιάζουμε landing pages με υψηλά conversion rates για τις διαφημιστικές σου καμπάνιες.

🚀 Μετάτρεψε τα κλικ σε πελάτες!

📞 6999524389 | 🌐 sgk.gr

#SGKDigital #LandingPage #ConversionRate #LeadGeneration"
22,Website,"📧 Χρησιμοποιείς ακόμα Gmail για την επιχείρησή σου;

Ένα επαγγελματικό email (π.χ. info@yourdomain.gr) εμπνέει εμπιστοσύνη και επαγγελματισμό. Στην SGK Digital αναλαμβάνουμε τη δημιουργία και ρύθμιση εταιρικών email για να ξεχωρίζεις σε κάθε επικοινωνία.

💼 Αναβάθμισε την επαγγελματική σου εικόνα σήμερα!

📞 6999524389 | 🌐 sgk.gr

#SGKDigital #BusinessEmail #Professionalism #Branding"
23,AI Agents,"📥 AI Agents για φιλτράρισμα Leads!

Αν λαμβάνεις δεκάδες μηνύματα καθημερινά αλλά λίγα καταλήγουν σε πώληση, ο AI Agent της SGK Digital μπορεί να κάνει το προκαταρκτικό φιλτράρισμα (lead qualification) για εσένα, κρατώντας μόνο τους σοβαρούς υποψήφιους πελάτες.

⚡ Εστίασε εκεί που πραγματικά αξίζει!

📞 6999524389 | 🌐 sgk.gr

#SGKDigital #AIAgents #LeadNurturing #SalesAutomation"
24,Eshop,"⚡ Eshop που φορτώνει σε 1 δευτερόλεπτο!

Στο ηλεκτρονικό εμπόριο, κάθε δευτερόλεπτο καθυστέρησης κοστίζει 7% λιγότερες πωλήσεις. Στην SGK Digital κατασκευάζουμε eshops με κορυφαίες τεχνολογίες για να εξασφαλίσουμε τη μέγιστη δυνατή ταχύτητα και πωλήσεις.

🛍️ Μην χάνεις πωλήσεις λόγω ταχύτητας!

📞 6999524389 | 🌐 sgk.gr

#SGKDigital #EshopSpeed #EcommerceOptimisation #NextJS"
25,Digital Marketing,"📱 Η παρουσία σου στα Social Media είναι η ταυτότητά σου!

Οι πελάτες σε ψάχνουν στο Facebook και το Instagram πριν αποφασίσουν να συνεργαστούν μαζί σου. Μια προσεγμένη παρουσία χτίζει εμπιστοσύνη. Στην SGK Digital σε βοηθάμε να αυτοματοποιήσεις και να αναβαθμίσεις το περιεχόμενό σου.

✨ Ξεκίνα να ξεχωρίζεις στα feeds των πελατών σου!

📞 6999524389 | 🌐 sgk.gr

#SGKDigital #SocialMedia #Branding #BusinessGrowth"
26,Website,"🔄 Ώρα για Redesign της ιστοσελίδας σου;

Αν η ιστοσελίδα σου έχει σχεδιαστεί πριν από 3+ χρόνια, είναι πιθανότατα ξεπερασμένη τεχνολογικά και αισθητικά. Στην SGK Digital ανανεώνουμε την ψηφιακή σου εικόνα με σύγχρονο design και τις τελευταίες τεχνολογίες της αγοράς.

💡 Δώσε νέα πνοή στην επιχείρησή σου!

📞 6999524389 | 🌐 sgk.gr

#SGKDigital #WebRedesign #ModernWeb #UIUXDesign"
27,AI Agents,"🔌 AI Agents συνδεδεμένοι με τα συστήματά σου!

Οι AI Agents μας δεν απαντούν απλά, αλλά συνδέονται με το CRM, το ημερολόγιο ή το eshop σου. Μπορούν να ελέγξουν διαθεσιμότητα προϊόντων ή να καταχωρήσουν στοιχεία πελατών αυτόματα.

🛠️ Απόλυτη ενοποίηση και αυτοματοποίηση!

📞 6999524389 | 🌐 sgk.gr

#SGKDigital #AIAgents #SystemIntegration #Automation"
28,Website,"🎯 UX Design: Γιατί έχει σημασία;

User Experience (UX) σημαίνει να κάνεις την πλοήγηση του χρήστη στην ιστοσελίδα σου όσο το δυνατόν πιο εύκολη και ευχάριστη. Στην SGK Digital σχεδιάζουμε με γνώμονα τον χρήστη, μειώνοντας τα bounce rates και αυξάνοντας τα conversions.

💡 Η ευκολία χρήσης φέρνει πωλήσεις!

📞 6999524389 | 🌐 sgk.gr

#SGKDigital #UXDesign #UserExperience #WebDevelopment"
29,SEO,"📈 Μετράς τα αποτελέσματα της ιστοσελίδας σου;

Αν δεν μετράς, δεν μπορείς να βελτιώσεις. Στην SGK Digital εγκαθιστούμε Google Analytics (GA4) και Search Console, αναλύοντας τη συμπεριφορά των χρηστών για να παίρνεις αποφάσεις βασισμένες σε πραγματικά δεδομένα.

📊 Κάνε data-driven ενέργειες!

📞 6999524389 | 🌐 sgk.gr

#SGKDigital #GoogleAnalytics #GA4 #SEOData #BusinessIntelligence"
30,Digital Marketing,"🎉 30 Ημέρες, 30 Ευκαιρίες για να αναπτυχθείς!

Η SGK Digital είναι ο συνεργάτης σου σε κάθε βήμα του ψηφιακού σου μετασχηματισμού. Από την ιστοσελίδα και το eshop, μέχρι τους AI Agents και το marketing, είμαστε εδώ για να σε βοηθήσουμε να πετύχεις.

🚀 Επικοινώνησε μαζί μας για μια δωρεάν συμβουλευτική συζήτηση!

📞 6999524389 | 🌐 sgk.gr

#SGKDigital #DigitalAgency #BusinessSuccess #GreeceTech"
